"Force";"Texte"
"4";"Très efficace aujourd'hui, vous ferez preuve d'une belle vitalité. Rien ne vous arrêtera pour mettre une bonne ambiance au bureau."
"4";"Très productif aujourd'hui, vous ferez preuve d'une belle vitalité. Rien ne vous arrêtera pour mettre une bonne ambiance au bureau."
"4";"Très collaboratif aujourd'hui, vous ferez preuve d'une belle vitalité. Rien ne vous arrêtera pour mettre une bonne ambiance au bureau."
"4";"Très efficace aujourd'hui, vous ferez preuve d'une énergie impressionnante. Rien ne vous arrêtera pour mettre une bonne ambiance au bureau."
"4";"Très productif aujourd'hui, vous ferez preuve d'une énergie impressionnante. Rien ne vous arrêtera pour mettre une bonne ambiance au bureau."
"4";"Très collaboratif aujourd'hui, vous ferez preuve d'une énergie impressionnante. Rien ne vous arrêtera pour mettre une bonne ambiance au bureau."
"4";"Très efficace aujourd'hui, vous ferez preuve d'une belle vitalité. Rien ne vous arrêtera pour boucler tous vos dossiers."
"4";"Très productif aujourd'hui, vous ferez preuve d'une belle vitalité. Rien ne vous arrêtera pour boucler tous vos dossiers."
"4";"Très collaboratif aujourd'hui, vous ferez preuve d'une belle vitalité. Rien ne vous arrêtera pour boucler tous vos dossiers."
"4";"Très efficace aujourd'hui, vous ferez preuve d'une énergie impressionnante. Rien ne vous arrêtera pour boucler tous vos dossiers."
"4";"Très productif aujourd'hui, vous ferez preuve d'une énergie impressionnante. Rien ne vous arrêtera pour boucler tous vos dossiers."
"4";"Très collaboratif aujourd'hui, vous ferez preuve d'une énergie impressionnante. Rien ne vous arrêtera pour boucler tous vos dossiers."
"4";"Très efficace aujourd'hui, vous ferez preuve d'une belle vitalité. Rien ne vous arrêtera pour dépasser vos objectifs."
"4";"Très productif aujourd'hui, vous ferez preuve d'une belle vitalité. Rien ne vous arrêtera pour dépasser vos objectifs."
"4";"Très collaboratif aujourd'hui, vous ferez preuve d'une belle vitalité. Rien ne vous arrêtera pour dépasser vos objectifs."
"4";"Très efficace aujourd'hui, vous ferez preuve d'une énergie impressionnante. Rien ne vous arrêtera pour dépasser vos objectifs."
"4";"Très productif aujourd'hui, vous ferez preuve d'une énergie impressionnante. Rien ne vous arrêtera pour dépasser vos objectifs."
"4";"Très collaboratif aujourd'hui, vous ferez preuve d'une énergie impressionnante. Rien ne vous arrêtera pour dépasser vos objectifs."
"3";"Côté Travail, une nouvelle importante fera basculer le cours de la journée et vos ambitions pourront se réaliser. Et n'oubliez pas remercier les personnes qui vous ont aidé!"
"3";"Côté Travail, un collègue proche fera basculer le cours de la journée et vos ambitions pourront se réaliser. Et n'oubliez pas remercier les personnes qui vous ont aidé!"
"3";"Côté Travail, un projet inattendu et surprenant fera basculer le cours de la journée et vos ambitions pourront se réaliser. Et n'oubliez pas remercier les personnes qui vous ont aidé!"
"3";"Côté Travail, une nouvelle importante fera basculer le cours de la journée et modifiera positivement vos relations professionnelles. Et n'oubliez pas remercier les personnes qui vous ont aidé!"
"3";"Côté Travail, un collègue proche fera basculer le cours de la journée et modifiera positivement vos relations professionnelles. Et n'oubliez pas remercier les personnes qui vous ont aidé!"
"3";"Côté Travail, un projet inattendu et surprenant fera basculer le cours de la journée et modifiera positivement vos relations professionnelles. Et n'oubliez pas remercier les personnes qui vous ont aidé!"
"3";"Côté Travail, une nouvelle importante fera basculer le cours de la journée et vous entrainera dans une progression fulgurante pour votre carrière. Et n'oubliez pas remercier les personnes qui vous ont aidé!"
"3";"Côté Travail, un collègue proche fera basculer le cours de la journée et vous entrainera dans une progression fulgurante pour votre carrière. Et n'oubliez pas remercier les personnes qui vous ont aidé!"
"3";"Côté Travail, un projet inattendu et surprenant fera basculer le cours de la journée et vous entrainera dans une progression fulgurante pour votre carrière. Et n'oubliez pas remercier les personnes qui vous ont aidé!"
"3";"Côté Travail, une nouvelle importante fera basculer le cours de la journée et vos ambitions pourront se réaliser. Et n'oubliez pas remercier votre patron."
"3";"Côté Travail, un collègue proche fera basculer le cours de la journée et vos ambitions pourront se réaliser. Et n'oubliez pas remercier votre patron."
"3";"Côté Travail, un projet inattendu et surprenant fera basculer le cours de la journée et vos ambitions pourront se réaliser. Et n'oubliez pas remercier votre patron."
"3";"Côté Travail, une nouvelle importante fera basculer le cours de la journée et modifiera positivement vos relations professionnelles. Et n'oubliez pas remercier votre patron."
"3";"Côté Travail, un collègue proche fera basculer le cours de la journée et modifiera positivement vos relations professionnelles. Et n'oubliez pas remercier votre patron."
"3";"Côté Travail, un projet inattendu et surprenant fera basculer le cours de la journée et modifiera positivement vos relations professionnelles. Et n'oubliez pas remercier votre patron."
"3";"Côté Travail, une nouvelle importante fera basculer le cours de la journée et vous entrainera dans une progression fulgurante pour votre carrière. Et n'oubliez pas remercier votre patron."
"3";"Côté Travail, un collègue proche fera basculer le cours de la journée et vous entrainera dans une progression fulgurante pour votre carrière. Et n'oubliez pas remercier votre patron."
"3";"Côté Travail, un projet inattendu et surprenant fera basculer le cours de la journée et vous entrainera dans une progression fulgurante pour votre carrière. Et n'oubliez pas remercier votre patron."
"3";"Côté Travail, une nouvelle importante fera basculer le cours de la journée et vos ambitions pourront se réaliser. Et n'oubliez pas remercier tous vos collègues pour leur soutien."
"3";"Côté Travail, un collègue proche fera basculer le cours de la journée et vos ambitions pourront se réaliser. Et n'oubliez pas remercier tous vos collègues pour leur soutien."
"3";"Côté Travail, un projet inattendu et surprenant fera basculer le cours de la journée et vos ambitions pourront se réaliser. Et n'oubliez pas remercier tous vos collègues pour leur soutien."
"3";"Côté Travail, une nouvelle importante fera basculer le cours de la journée et modifiera positivement vos relations professionnelles. Et n'oubliez pas remercier tous vos collègues pour leur soutien."
"3";"Côté Travail, un collègue proche fera basculer le cours de la journée et modifiera positivement vos relations professionnelles. Et n'oubliez pas remercier tous vos collègues pour leur soutien."
"3";"Côté Travail, un projet inattendu et surprenant fera basculer le cours de la journée et modifiera positivement vos relations professionnelles. Et n'oubliez pas remercier tous vos collègues pour leur soutien."
"3";"Côté Travail, une nouvelle importante fera basculer le cours de la journée et vous entrainera dans une progression fulgurante pour votre carrière. Et n'oubliez pas remercier tous vos collègues pour leur soutien."
"3";"Côté Travail, un collègue proche fera basculer le cours de la journée et vous entrainera dans une progression fulgurante pour votre carrière. Et n'oubliez pas remercier tous vos collègues pour leur soutien."
"3";"Côté Travail, un projet inattendu et surprenant fera basculer le cours de la journée et vous entrainera dans une progression fulgurante pour votre carrière. Et n'oubliez pas remercier tous vos collègues pour leur soutien."
"2";"Vous serez positif et plein d'énergie aujourd'hui, mais attention à ce projet difficile qui pourrait vite dégénérer. Privilégiez plutôt l'esquive..."
"2";"Vous serez en symbiose avec vos collègues aujourd'hui, mais attention à ce projet difficile qui pourrait vite dégénérer. Privilégiez plutôt l'esquive..."
"2";"Vous serez de bonne humeur aujourd'hui, mais attention à ce projet difficile qui pourrait vite dégénérer. Privilégiez plutôt l'esquive..."
"2";"Vous serez positif et plein d'énergie aujourd'hui, mais attention à une situation délicate qui pourrait vite dégénérer. Privilégiez plutôt l'esquive..."
"2";"Vous serez en symbiose avec vos collègues aujourd'hui, mais attention à une situation délicate qui pourrait vite dégénérer. Privilégiez plutôt l'esquive..."
"2";"Vous serez de bonne humeur aujourd'hui, mais attention à une situation délicate qui pourrait vite dégénérer. Privilégiez plutôt l'esquive..."
"2";"Vous serez positif et plein d'énergie aujourd'hui, mais attention à ce rendez-vous pourtant prometteur qui pourrait vite dégénérer. Privilégiez plutôt l'esquive..."
"2";"Vous serez en symbiose avec vos collègues aujourd'hui, mais attention à ce rendez-vous pourtant prometteur qui pourrait vite dégénérer. Privilégiez plutôt l'esquive..."
"2";"Vous serez de bonne humeur aujourd'hui, mais attention à ce rendez-vous pourtant prometteur qui pourrait vite dégénérer. Privilégiez plutôt l'esquive..."
"2";"Vous serez positif et plein d'énergie aujourd'hui, mais attention à ce projet difficile qui pourrait compliquer la suite de votre carrière. Privilégiez plutôt l'esquive..."
"2";"Vous serez en symbiose avec vos collègues aujourd'hui, mais attention à ce projet difficile qui pourrait compliquer la suite de votre carrière. Privilégiez plutôt l'esquive..."
"2";"Vous serez de bonne humeur aujourd'hui, mais attention à ce projet difficile qui pourrait compliquer la suite de votre carrière. Privilégiez plutôt l'esquive..."
"2";"Vous serez positif et plein d'énergie aujourd'hui, mais attention à une situation délicate qui pourrait compliquer la suite de votre carrière. Privilégiez plutôt l'esquive..."
"2";"Vous serez en symbiose avec vos collègues aujourd'hui, mais attention à une situation délicate qui pourrait compliquer la suite de votre carrière. Privilégiez plutôt l'esquive..."
"2";"Vous serez de bonne humeur aujourd'hui, mais attention à une situation délicate qui pourrait compliquer la suite de votre carrière. Privilégiez plutôt l'esquive..."
"2";"Vous serez positif et plein d'énergie aujourd'hui, mais attention à ce rendez-vous pourtant prometteur qui pourrait compliquer la suite de votre carrière. Privilégiez plutôt l'esquive..."
"2";"Vous serez en symbiose avec vos collègues aujourd'hui, mais attention à ce rendez-vous pourtant prometteur qui pourrait compliquer la suite de votre carrière. Privilégiez plutôt l'esquive..."
"2";"Vous serez de bonne humeur aujourd'hui, mais attention à ce rendez-vous pourtant prometteur qui pourrait compliquer la suite de votre carrière. Privilégiez plutôt l'esquive..."
"2";"Vous serez positif et plein d'énergie aujourd'hui, mais attention à ce projet difficile qui pourrait devenir plus que chronophage au final. Privilégiez plutôt l'esquive..."
"2";"Vous serez en symbiose avec vos collègues aujourd'hui, mais attention à ce projet difficile qui pourrait devenir plus que chronophage au final. Privilégiez plutôt l'esquive..."
"2";"Vous serez de bonne humeur aujourd'hui, mais attention à ce projet difficile qui pourrait devenir plus que chronophage au final. Privilégiez plutôt l'esquive..."
"2";"Vous serez positif et plein d'énergie aujourd'hui, mais attention à une situation délicate qui pourrait devenir plus que chronophage au final. Privilégiez plutôt l'esquive..."
"2";"Vous serez en symbiose avec vos collègues aujourd'hui, mais attention à une situation délicate qui pourrait devenir plus que chronophage au final. Privilégiez plutôt l'esquive..."
"2";"Vous serez de bonne humeur aujourd'hui, mais attention à une situation délicate qui pourrait devenir plus que chronophage au final. Privilégiez plutôt l'esquive..."
"2";"Vous serez positif et plein d'énergie aujourd'hui, mais attention à ce rendez-vous pourtant prometteur qui pourrait devenir plus que chronophage au final. Privilégiez plutôt l'esquive..."
"2";"Vous serez en symbiose avec vos collègues aujourd'hui, mais attention à ce rendez-vous pourtant prometteur qui pourrait devenir plus que chronophage au final. Privilégiez plutôt l'esquive..."
"2";"Vous serez de bonne humeur aujourd'hui, mais attention à ce rendez-vous pourtant prometteur qui pourrait devenir plus que chronophage au final. Privilégiez plutôt l'esquive..."
"2";"Vous serez positif et plein d'énergie aujourd'hui, mais attention à ce projet difficile qui pourrait vite dégénérer. Privilégiez plutôt la procrastination..."
"2";"Vous serez en symbiose avec vos collègues aujourd'hui, mais attention à ce projet difficile qui pourrait vite dégénérer. Privilégiez plutôt la procrastination..."
"2";"Vous serez de bonne humeur aujourd'hui, mais attention à ce projet difficile qui pourrait vite dégénérer. Privilégiez plutôt la procrastination..."
"2";"Vous serez positif et plein d'énergie aujourd'hui, mais attention à une situation délicate qui pourrait vite dégénérer. Privilégiez plutôt la procrastination..."
"2";"Vous serez en symbiose avec vos collègues aujourd'hui, mais attention à une situation délicate qui pourrait vite dégénérer. Privilégiez plutôt la procrastination..."
"2";"Vous serez de bonne humeur aujourd'hui, mais attention à une situation délicate qui pourrait vite dégénérer. Privilégiez plutôt la procrastination..."
"2";"Vous serez positif et plein d'énergie aujourd'hui, mais attention à ce rendez-vous pourtant prometteur qui pourrait vite dégénérer. Privilégiez plutôt la procrastination..."
"2";"Vous serez en symbiose avec vos collègues aujourd'hui, mais attention à ce rendez-vous pourtant prometteur qui pourrait vite dégénérer. Privilégiez plutôt la procrastination..."
"2";"Vous serez de bonne humeur aujourd'hui, mais attention à ce rendez-vous pourtant prometteur qui pourrait vite dégénérer. Privilégiez plutôt la procrastination..."
"2";"Vous serez positif et plein d'énergie aujourd'hui, mais attention à ce projet difficile qui pourrait compliquer la suite de votre carrière. Privilégiez plutôt la procrastination..."
"2";"Vous serez en symbiose avec vos collègues aujourd'hui, mais attention à ce projet difficile qui pourrait compliquer la suite de votre carrière. Privilégiez plutôt la procrastination..."
"2";"Vous serez de bonne humeur aujourd'hui, mais attention à ce projet difficile qui pourrait compliquer la suite de votre carrière. Privilégiez plutôt la procrastination..."
"2";"Vous serez positif et plein d'énergie aujourd'hui, mais attention à une situation délicate qui pourrait compliquer la suite de votre carrière. Privilégiez plutôt la procrastination..."
"2";"Vous serez en symbiose avec vos collègues aujourd'hui, mais attention à une situation délicate qui pourrait compliquer la suite de votre carrière. Privilégiez plutôt la procrastination..."
"2";"Vous serez de bonne humeur aujourd'hui, mais attention à une situation délicate qui pourrait compliquer la suite de votre carrière. Privilégiez plutôt la procrastination..."
"2";"Vous serez positif et plein d'énergie aujourd'hui, mais attention à ce rendez-vous pourtant prometteur qui pourrait compliquer la suite de votre carrière. Privilégiez plutôt la procrastination..."
"2";"Vous serez en symbiose avec vos collègues aujourd'hui, mais attention à ce rendez-vous pourtant prometteur qui pourrait compliquer la suite de votre carrière. Privilégiez plutôt la procrastination..."
"2";"Vous serez de bonne humeur aujourd'hui, mais attention à ce rendez-vous pourtant prometteur qui pourrait compliquer la suite de votre carrière. Privilégiez plutôt la procrastination..."
"2";"Vous serez positif et plein d'énergie aujourd'hui, mais attention à ce projet difficile qui pourrait devenir plus que chronophage au final. Privilégiez plutôt la procrastination..."
"2";"Vous serez en symbiose avec vos collègues aujourd'hui, mais attention à ce projet difficile qui pourrait devenir plus que chronophage au final. Privilégiez plutôt la procrastination..."
"2";"Vous serez de bonne humeur aujourd'hui, mais attention à ce projet difficile qui pourrait devenir plus que chronophage au final. Privilégiez plutôt la procrastination..."
"2";"Vous serez positif et plein d'énergie aujourd'hui, mais attention à une situation délicate qui pourrait devenir plus que chronophage au final. Privilégiez plutôt la procrastination..."
"2";"Vous serez en symbiose avec vos collègues aujourd'hui, mais attention à une situation délicate qui pourrait devenir plus que chronophage au final. Privilégiez plutôt la procrastination..."
"2";"Vous serez de bonne humeur aujourd'hui, mais attention à une situation délicate qui pourrait devenir plus que chronophage au final. Privilégiez plutôt la procrastination..."
"2";"Vous serez positif et plein d'énergie aujourd'hui, mais attention à ce rendez-vous pourtant prometteur qui pourrait devenir plus que chronophage au final. Privilégiez plutôt la procrastination..."
"2";"Vous serez en symbiose avec vos collègues aujourd'hui, mais attention à ce rendez-vous pourtant prometteur qui pourrait devenir plus que chronophage au final. Privilégiez plutôt la procrastination..."
"2";"Vous serez de bonne humeur aujourd'hui, mais attention à ce rendez-vous pourtant prometteur qui pourrait devenir plus que chronophage au final. Privilégiez plutôt la procrastination..."
"2";"Vous serez positif et plein d'énergie aujourd'hui, mais attention à ce projet difficile qui pourrait vite dégénérer. Privilégiez plutôt la méthode du caméléon..."
"2";"Vous serez en symbiose avec vos collègues aujourd'hui, mais attention à ce projet difficile qui pourrait vite dégénérer. Privilégiez plutôt la méthode du caméléon..."
"2";"Vous serez de bonne humeur aujourd'hui, mais attention à ce projet difficile qui pourrait vite dégénérer. Privilégiez plutôt la méthode du caméléon..."
"2";"Vous serez positif et plein d'énergie aujourd'hui, mais attention à une situation délicate qui pourrait vite dégénérer. Privilégiez plutôt la méthode du caméléon..."
"2";"Vous serez en symbiose avec vos collègues aujourd'hui, mais attention à une situation délicate qui pourrait vite dégénérer. Privilégiez plutôt la méthode du caméléon..."
"2";"Vous serez de bonne humeur aujourd'hui, mais attention à une situation délicate qui pourrait vite dégénérer. Privilégiez plutôt la méthode du caméléon..."
"2";"Vous serez positif et plein d'énergie aujourd'hui, mais attention à ce rendez-vous pourtant prometteur qui pourrait vite dégénérer. Privilégiez plutôt la méthode du caméléon..."
"2";"Vous serez en symbiose avec vos collègues aujourd'hui, mais attention à ce rendez-vous pourtant prometteur qui pourrait vite dégénérer. Privilégiez plutôt la méthode du caméléon..."
"2";"Vous serez de bonne humeur aujourd'hui, mais attention à ce rendez-vous pourtant prometteur qui pourrait vite dégénérer. Privilégiez plutôt la méthode du caméléon..."
"2";"Vous serez positif et plein d'énergie aujourd'hui, mais attention à ce projet difficile qui pourrait compliquer la suite de votre carrière. Privilégiez plutôt la méthode du caméléon..."
"2";"Vous serez en symbiose avec vos collègues aujourd'hui, mais attention à ce projet difficile qui pourrait compliquer la suite de votre carrière. Privilégiez plutôt la méthode du caméléon..."
"2";"Vous serez de bonne humeur aujourd'hui, mais attention à ce projet difficile qui pourrait compliquer la suite de votre carrière. Privilégiez plutôt la méthode du caméléon..."
"2";"Vous serez positif et plein d'énergie aujourd'hui, mais attention à une situation délicate qui pourrait compliquer la suite de votre carrière. Privilégiez plutôt la méthode du caméléon..."
"2";"Vous serez en symbiose avec vos collègues aujourd'hui, mais attention à une situation délicate qui pourrait compliquer la suite de votre carrière. Privilégiez plutôt la méthode du caméléon..."
"2";"Vous serez de bonne humeur aujourd'hui, mais attention à une situation délicate qui pourrait compliquer la suite de votre carrière. Privilégiez plutôt la méthode du caméléon..."
"2";"Vous serez positif et plein d'énergie aujourd'hui, mais attention à ce rendez-vous pourtant prometteur qui pourrait compliquer la suite de votre carrière. Privilégiez plutôt la méthode du caméléon..."
"2";"Vous serez en symbiose avec vos collègues aujourd'hui, mais attention à ce rendez-vous pourtant prometteur qui pourrait compliquer la suite de votre carrière. Privilégiez plutôt la méthode du caméléon..."
"2";"Vous serez de bonne humeur aujourd'hui, mais attention à ce rendez-vous pourtant prometteur qui pourrait compliquer la suite de votre carrière. Privilégiez plutôt la méthode du caméléon..."
"2";"Vous serez positif et plein d'énergie aujourd'hui, mais attention à ce projet difficile qui pourrait devenir plus que chronophage au final. Privilégiez plutôt la méthode du caméléon..."
"2";"Vous serez en symbiose avec vos collègues aujourd'hui, mais attention à ce projet difficile qui pourrait devenir plus que chronophage au final. Privilégiez plutôt la méthode du caméléon..."
"2";"Vous serez de bonne humeur aujourd'hui, mais attention à ce projet difficile qui pourrait devenir plus que chronophage au final. Privilégiez plutôt la méthode du caméléon..."
"2";"Vous serez positif et plein d'énergie aujourd'hui, mais attention à une situation délicate qui pourrait devenir plus que chronophage au final. Privilégiez plutôt la méthode du caméléon..."
"2";"Vous serez en symbiose avec vos collègues aujourd'hui, mais attention à une situation délicate qui pourrait devenir plus que chronophage au final. Privilégiez plutôt la méthode du caméléon..."
"2";"Vous serez de bonne humeur aujourd'hui, mais attention à une situation délicate qui pourrait devenir plus que chronophage au final. Privilégiez plutôt la méthode du caméléon..."
"2";"Vous serez positif et plein d'énergie aujourd'hui, mais attention à ce rendez-vous pourtant prometteur qui pourrait devenir plus que chronophage au final. Privilégiez plutôt la méthode du caméléon..."
"2";"Vous serez en symbiose avec vos collègues aujourd'hui, mais attention à ce rendez-vous pourtant prometteur qui pourrait devenir plus que chronophage au final. Privilégiez plutôt la méthode du caméléon..."
"2";"Vous serez de bonne humeur aujourd'hui, mais attention à ce rendez-vous pourtant prometteur qui pourrait devenir plus que chronophage au final. Privilégiez plutôt la méthode du caméléon..."
"1";"Que vous arrive-t-il aujourd'hui? Vous voyez décidemment tout en noir. Le pessimisme vient éteindre ce bon moral des derniers jours."
"1";"Le réveil a été plus que difficile? Vous voyez décidemment tout en noir. Le pessimisme vient éteindre ce bon moral des derniers jours."
"1";"Seriez-vous de mauvaise humeur? Vous voyez décidemment tout en noir. Le pessimisme vient éteindre ce bon moral des derniers jours."
"1";"Que vous arrive-t-il aujourd'hui? La journée s'annonce orageuse. Le pessimisme vient éteindre ce bon moral des derniers jours."
"1";"Le réveil a été plus que difficile? La journée s'annonce orageuse. Le pessimisme vient éteindre ce bon moral des derniers jours."
"1";"Seriez-vous de mauvaise humeur? La journée s'annonce orageuse. Le pessimisme vient éteindre ce bon moral des derniers jours."
"1";"Que vous arrive-t-il aujourd'hui? Vous voyez décidemment tout en noir. Il semble que la Lune n'ait pas une bonne influence sur vous en ce moment."
"1";"Le réveil a été plus que difficile? Vous voyez décidemment tout en noir. Il semble que la Lune n'ait pas une bonne influence sur vous en ce moment."
"1";"Seriez-vous de mauvaise humeur? Vous voyez décidemment tout en noir. Il semble que la Lune n'ait pas une bonne influence sur vous en ce moment."
"1";"Que vous arrive-t-il aujourd'hui? La journée s'annonce orageuse. Il semble que la Lune n'ait pas une bonne influence sur vous en ce moment."
"1";"Le réveil a été plus que difficile? La journée s'annonce orageuse. Il semble que la Lune n'ait pas une bonne influence sur vous en ce moment."
"1";"Seriez-vous de mauvaise humeur? La journée s'annonce orageuse. Il semble que la Lune n'ait pas une bonne influence sur vous en ce moment."
"1";"Que vous arrive-t-il aujourd'hui? Vous voyez décidemment tout en noir. Il semble que Mars n'ait pas une bonne influence sur vous en ce moment."
"1";"Le réveil a été plus que difficile? Vous voyez décidemment tout en noir. Il semble que Mars n'ait pas une bonne influence sur vous en ce moment."
"1";"Seriez-vous de mauvaise humeur? Vous voyez décidemment tout en noir. Il semble que Mars n'ait pas une bonne influence sur vous en ce moment."
"1";"Que vous arrive-t-il aujourd'hui? La journée s'annonce orageuse. Il semble que Mars n'ait pas une bonne influence sur vous en ce moment."
"1";"Le réveil a été plus que difficile? La journée s'annonce orageuse. Il semble que Mars n'ait pas une bonne influence sur vous en ce moment."
"1";"Seriez-vous de mauvaise humeur? La journée s'annonce orageuse. Il semble que Mars n'ait pas une bonne influence sur vous en ce moment."
"1";"Que vous arrive-t-il aujourd'hui? Vous voyez décidemment tout en noir. Il semble que Vénus n'ait pas une bonne influence sur vous en ce moment."
"1";"Le réveil a été plus que difficile? Vous voyez décidemment tout en noir. Il semble que Vénus n'ait pas une bonne influence sur vous en ce moment."
"1";"Seriez-vous de mauvaise humeur? Vous voyez décidemment tout en noir. Il semble que Vénus n'ait pas une bonne influence sur vous en ce moment."
"1";"Que vous arrive-t-il aujourd'hui? La journée s'annonce orageuse. Il semble que Vénus n'ait pas une bonne influence sur vous en ce moment."
"1";"Le réveil a été plus que difficile? La journée s'annonce orageuse. Il semble que Vénus n'ait pas une bonne influence sur vous en ce moment."
"1";"Seriez-vous de mauvaise humeur? La journée s'annonce orageuse. Il semble que Vénus n'ait pas une bonne influence sur vous en ce moment."
